national_id,citizenship,firstname,middlename,lastname,alias,birthplace,birthdate,age,civilstatus,gender,purok,voterstatus,phone,email,occupation,employer_name,pwd,address,sss_no,tin_no,precinct,gsis_no,pagibig_no,philhealth_no
1234,Filipino,Rodney,Oliva,Austria,Cha,Balagtas,24 11 2002,21,Single,Male,Kalye Buntisan,Yes,9217167659,mrtangkad59@gmail.com,Programmer,,No,"373
Catindig",456,789,Pag-asa-001,532233,6969,444
,Filipino,Elisha Bethel,BALMASEDA,Umlas,,,5 07 2005,19,Single,Female,Intan Street,Yes,,,NONE ,,No,,,,,,,
,Filipino,RIGINA ,BALMASEDA,ANZURES,,,30 01 1995,64,Married,Female,Tiwala Mendoza,Yes,,,EMPLOYEE,,No,,,,,,,
,Filipino,RACHELLE,BALMASEDA,ANZURES,,,28 05 1992,26,Single,Female,Tiwala Mendoza,Yes,,,NONE ,,No,,,,,,,
,Filipino,EMIL,BALMASEDA,ANZURES,,,1 11 1985,32,Married,Male,Tiwala Mendoza,Yes,,,OFW,,No,,,,,,,
,Filipino,EMERSON JOSEPH,BALMASEDA,ANZURES,,,1 01 1994,38,Single,Male,Tiwala Mendoza,Yes,,,NONE ,,No,,,,,,,
,Filipino,KIMBERLY,,ANZURES,,,14 05 1965,29,Single,Female,Tiwala Mendoza,Yes,,,EMPLOYEE,,No,,,,,,,
,Filipino,EDGARDO ,ANZURES,DE GUZMAN ,,,27 08 1986,58,Married,Male,Tiwala Mendoza,Yes,,,EMPLOYEE,,No,,,,,,,
,Filipino,EDGARDO,April,"FAUSTINO, JR. ",,,5 07 2019,37,Married,Male,Tiwala Mendoza,Yes,,,EMPLOYEE,,No,,,,,,,
,Filipino,RUTH,REIN,SABUITO ,,,24 03 2018,36,Married,Female,Tiwala Mendoza,Yes,,,NONE ,,No,,,,,,,
,Filipino,HYUNA,ELISSE,ROBLES,,,10 07 2021,6,Single,Female,Tiwala Mendoza,No,,,EMPLOYEE,,No,,,,,,,
,Filipino,RAYA,VIJANDRE,FAUSTINO ,,,27 10 1962,3,Single,Female,Tiwala Mendoza,Yes,,,EMPLOYEE,,No,,,,,,,
,Filipino,LUSERO,VIJANDRE,PRIETO,,,3 01 2001,61,Married,Female,Tiwala Mendoza,Yes,,,EMPLOYEE,,No,,,,,,,
,Filipino,ARNALYN,VIJANDRE,PRIETO,,,8 10 1995,22,Single,Female,Tiwala Mendoza,Yes,,,EMPLOYEE,,No,,,,,,,
,Filipino,ARCHIE ,Arnel,PRIETO,,,9 10 1995,28,Married,Male,Tiwala Mendoza,Yes,,,EMPLOYEE,,No,,,,,,,
,Filipino,MARIBEL ,Arnel,CAMUYAG ,,,7 10 1997,28,Married,Male,Kalye Pogi,Yes,,,EMPLOYEE,,No,,,,,,,
,Filipino,ANGELO,Arnel,CAMUYAG ,,,9 05 2004,26,Married,Male,Kalye Pogi,Yes,,,EMPLOYEE,,No,,,,,,,
,Filipino,JASMINE ,BONGILLO,CAMUYAG ,,,28 02 1980,19,Single,Female,Kalye Pogi,Yes,,,EMPLOYEE,,No,,,,,,,
,Filipino,DIANNE,BONGILLO,ANZURES,,,28 02 2004,10,Single,Female,Kalye Pogi,Yes,,,EMPLOYEE,,No,,,,,,,
,Filipino,DANIELLA,BONGILLO,ANZURES,,,28 02 2022,6,Single,Female,Sta Cruz Village,Yes,,,EMPLOYEE,,No,,,,,,,
,Filipino,DHELLIA,April,ANZURES,,,5 07 2019,2,Single,Female,Sta Cruz Village,Yes,,,EMPLOYEE,,No,,,,,,,
,Filipino,RAYA,Arnel,SABUITO ,,,9 10 1995,36,Married,Female,Sta Cruz Village,Yes,,,EMPLOYEE,,No,,,,,,,
,Filipino,EMIL,BONGILLO,CAMUYAG ,,,3 01 2001,28,Married,Male,Sta Cruz Village,Yes,,,EMPLOYEE,,No,,,,,,,
,Filipino,CAMUYAG ,EDGARDO,CAMUYAG ,,,9 10 1995,22,Single,Female,Sta Cruz Village,Yes,,,EMPLOYEE,,No,,,,,,,
,Filipino,SABUITO ,CAMUYAG ,ANZURES,,,5 07 2019,28,Married,Male,Intan Street,Yes,,,EMPLOYEE,,No,,,,,,,
,Filipino,BONGILLO,RACHELLE,LUSERO,,,27 08 1986,36,Married,Male,Intan Street,Yes,,,EMPLOYEE,,No,,,,,,,
,Filipino,ARNALYN,SANTOS,LUSERO,,,27 10 1962,37,Single,Female,Intan Street,Yes,,,EMPLOYEE,,No,,,,,,,
,Filipino,REGINA,SANTOS,CASTILLO,,,9 05 2004,61,Single,Male,Intan Street,Yes,,,NONE ,,No,,,,,,,
,Filipino,REGINO,SANTOS,CASTILLO,,,5 07 2019,19,Single,Male,Kalalang Compound,Yes,,,NONE ,,No,,,,,,,
,Filipino,DAN MATTHEW,SANTOS,CASTILLO,,,8 10 1995,36,Single,Male,Kalalang Compound,Yes,,,NONE ,,No,,,,,,,
,Filipino,HYUNA,SANTOS,CASTILLO,,,5 07 2019,28,Single,Male,Kalalang Compound,Yes,,,NONE ,,No,,,,,,,
,Filipino,RAYA,SANTOS,CASTILLO,,,5 07 2019,36,Single,Male,Divine Grace Village,Yes,,,NONE ,,No,,,,,,,
,Filipino,CAMUYAG ,SANTOS,CASTILLO,,,10 07 2021,36,Single,Male,Divine Grace Village,Yes,,,NONE ,,No,,,,,,,
,Filipino,KIMBERLY,SANTOS,CASTILLO,,,14 05 1965,3,Single,Male,Divine Grace Village,Yes,,,NONE ,,No,,,,,,,
,Filipino,SUSANA,SANTOS,CASTILLO,,,28 02 1980,58,Single,Male,Divine Grace Village,Yes,,,NONE ,,No,,,,,,,
,Filipino,GABRIEL,SANTOS,CASTILLO,,,1 01 1994,10,Single,Male,Vergara Subdivision,Yes,,,NONE ,,No,,,,,,,
,Filipino,DHELLIA,GALVEZ,CASTILLO,,,9 10 1995,32,Single,Male,Vergara Subdivision,Yes,,,EMPLOYEE,,No,,,,,,,
,Filipino,JEEN,GALVEZ, LASALA ,,,10 07 2021,28,Married,Male,Vergara Subdivision,No,,,EMPLOYEE,,No,,,,,,,
,Filipino,LOWELA,GALVEZ, LASALA ,,,28 02 1980,36,Married,Male,Vergara Subdivision,No,,,EMPLOYEE,,No,,,,,,,
,Filipino,RHINA,GALVEZ, LASALA ,,,9 05 2004,36,Married,Male,Vergara Subdivision,No,,,EMPLOYEE,,No,,,,,,,
,Filipino,BERTIAN,GALVEZ, LASALA ,,,28 02 2022,36,Married,Male,Vergara Subdivision,No,,,EMPLOYEE,,No,,,,,,,
,Filipino,ROGELIO,GALVEZ, LASALA ,,,8 10 1995,2,Married,Male,Vergara Subdivision,No,,,EMPLOYEE,,No,,,,,,,
,Filipino,ALTHEA,GALVEZ, LASALA ,,,5 07 2019,36,Married,Male,Vergara Subdivision,No,,,EMPLOYEE,,No,,,,,,,
,Filipino,ALLAN,GALVEZ, LASALA ,,,28 02 1980,36,Married,Male,Vergara Subdivision,No,,,EMPLOYEE,,No,,,,,,,
,Filipino,EUGINE,GALVEZ, LASALA ,,,1 01 1994,36,Married,Male,Vergara Subdivision,No,,,EMPLOYEE,,No,,,,,,,
,Filipino,JENELYN,GALVEZ, LASALA ,,,28 02 1980,32,Married,Male,Milaflor Extension,No,,,EMPLOYEE,,No,,,,,,,
,Filipino,RHENZ EMIL,GALVEZ, LASALA ,,,14 05 1965,36,Single,Male,Milaflor Extension,No,,,EMPLOYEE,,No,,,,,,,
,Filipino,SOPHIA,GALVEZ, LASALA ,,,28 02 2022,58,Single,Male,Milaflor Extension,No,,,EMPLOYEE,,No,,,,,,,
,Filipino,CAMUYAG ,GALVEZ, LASALA ,,,7 10 1997,2,Single,Male,Milaflor Extension,No,,,EMPLOYEE,,No,,,,,,,
,Filipino,DHELLIA,GALVEZ, LASALA ,,,1 11 1985,26,Single,Male,Milaflor Extension,No,,,EMPLOYEE,,No,,,,,,,
,Filipino,DAN MATTHEW,GALVEZ, LASALA ,,,28 02 1980,38,Single,Male,Milaflor Extension,No,,,EMPLOYEE,,No,,,,,,,
,Filipino,BERTIAN,GALVEZ, LASALA ,,,28 02 1980,36,Single,Male,Mariano Village,No,,,EMPLOYEE,,No,,,,,,,
,Filipino,SANTOS,GALVEZ, LASALA ,,,8 10 1995,10,Single,Male,Mariano Village,No,,,EMPLOYEE,,No,,,,,,,
,Filipino,SUSANA,GALVEZ, LASALA ,,,5 07 2019,28,Single,Female,Mariano Village,No,,,EMPLOYEE,,No,,,,,,,
,Filipino,ALTHEA,GALVEZ, LASALA ,,,5 07 2019,36,Single,Female,Mariano Village,No,,,EMPLOYEE,,No,,,,,,,
,Filipino,BERTIAN,GALVEZ, LASALA ,,,28 02 2004,36,Single,Female,Mariano Village,No,,,NONE ,,No,,,,,,,
,Filipino,DHELLIA,GALVEZ, LASALA ,,,14 05 1965,6,Single,Female,Mariano Village,No,,,NONE ,,No,,,,,,,
,Filipino,EMIL,GALVEZ, LASALA ,,,7 10 1997,26,Married,Female,Saint Lawrence Street,No,,,NONE ,,No,,,,,,,
,Filipino,CHARLES,GALVEZ, LASALA ,,,5 07 2019,26,Married,Female,Saint Lawrence Street,No,,,NONE ,,No,,,,,,,
,Filipino,LORRAINE,VIJANDRE, LASALA ,,,9 10 1995,32,Married,Female,Saint Lawrence Street,No,,,NONE ,,No,,,,,,,
,Filipino,Lorenz,VIJANDRE,FAUSTINO ,,,14 05 1965,28,Married,Female,Saint Lawrence Street,No,,,NONE ,,No,,,,,,,
,Filipino,MARIBEL ,VIJANDRE,FAUSTINO ,,,9 10 1995,26,Married,Female,Saint Lawrence Street,No,,,NONE ,,No,,,,,,,
,Filipino,MARIE,VIJANDRE,FAUSTINO ,,,9 10 1995,28,Married,Female,Saint Lawrence Street,No,,,NONE ,,No,,,,,,,
,Filipino,LUNA,VIJANDRE,FAUSTINO ,,,14 05 1965,28,Married,Female,Saint Lawrence Street,No,,,EMPLOYEE,,No,,,,,,,
,Filipino,PRINCESS,VIJANDRE,FAUSTINO ,,,5 07 2019,26,Married,Female,Saint Lawrence Street,No,,,EMPLOYEE,,No,,,,,,,
,Filipino,LEA,VIJANDRE,FAUSTINO ,,,9 10 1995,32,Married,Female,Kalye Buntisan,No,,,EMPLOYEE,,No,,,,,,,
,Filipino,ELISHA,VIJANDRE,FAUSTINO ,,,9 10 1995,28,Married,Female,Kalye Buntisan,No,,,EMPLOYEE,,No,,,,,,,
,Filipino,BETHEL,VIJANDRE,FAUSTINO ,,,14 05 1965,28,Married,Female,Kalye Buntisan,No,,,EMPLOYEE,,No,,,,,,,
,Filipino,JASSEN,VIJANDRE,FAUSTINO ,,,7 10 1997,58,Married,Female,Kalye Buntisan,No,,,EMPLOYEE,,No,,,,,,,
,Filipino,ERINE,VIJANDRE,FAUSTINO ,,,5 07 2019,26,Married,Female,Kalye Buntisan,No,,,EMPLOYEE,,No,,,,,,,
,Filipino,ABEGAIL,VIJANDRE,FAUSTINO ,,,9 10 1995,32,Married,Female,Kalye Buntisan,No,,,EMPLOYEE,,No,,,,,,,
,Filipino,KEANNA,VIJANDRE,FAUSTINO ,,,14 05 1965,28,Married,Female,Kalye Buntisan,No,,,EMPLOYEE,,No,,,,,,,
,Filipino,EMERIE,VIJANDRE,FAUSTINO ,,,9 10 1995,26,Single,Female,San Lorenzo Street,No,,,NONE ,,No,,,,,,,
,Filipino,BUNAGAN,VIJANDRE,FAUSTINO ,,,14 05 1965,28,Single,Female,San Lorenzo Street,No,,,NONE ,,No,,,,,,,
,Filipino,ROBLEDO,VIJANDRE,FAUSTINO ,,,5 07 2019,26,Married,Female,San Lorenzo Street,No,,,NONE ,,No,,,,,,,
,Filipino,KATRINA,VIJANDRE,FAUSTINO ,,,9 10 1995,32,Married,Female,San Lorenzo Street,No,,,NONE ,,No,,,,,,,
,Filipino,MAE,VIJANDRE,FAUSTINO ,,,7 10 1997,28,Married,Female,San Lorenzo Street,No,,,NONE ,,No,,,,,,,
,Filipino,PATRICIA,VIJANDRE,FAUSTINO ,,,14 05 1965,26,Married,Female,Milagrosa Street,No,,,NONE ,,No,,,,,,,
,Filipino,YUAN,BALMASEDA,FAUSTINO ,,,9 05 2004,58,Married,Female,Milagrosa Street,No,,,EMPLOYEE,,No,,,,,,,
,Filipino,GABRIEL,BALMASEDA,DELA CRUZ ,,,3 05 2004,32,Married,Female,Milagrosa Street,No,,,EMPLOYEE,,No,,,,,,,
,Filipino,MARK,BALMASEDA,DELA CRUZ ,,,1 06 2004,22,Married,Female,Milagrosa Street,No,,,EMPLOYEE,,No,,,,,,,
,Filipino,JUNNEL,BALMASEDA,DELA CRUZ ,,,2 07 2004,26,Married,Male,Milagrosa Street,No,,,EMPLOYEE,,No,,,,,,,
,Filipino,AGUSTIN,BALMASEDA,DELA CRUZ ,,,3 08 2004,22,Married,Male,Milagrosa Street,No,,,EMPLOYEE,,No,,,,,,,
,Filipino,ERICK,BALMASEDA,DELA CRUZ ,,,4 08 2004,26,Married,Male,Milagrosa Street,No,,,EMPLOYEE,,No,,,,,,,
,Filipino,DANIELLA,BALMASEDA,DELA CRUZ ,,,5 09 2004,22,Married,Male,Violeta Complex ,Yes,,,EMPLOYEE,,No,,,,,,,
,Filipino,CHARLES,BALMASEDA,DELA CRUZ ,,,6 10 2004,32,Single,Male,Violeta Complex ,Yes,,,EMPLOYEE,,No,,,,,,,
,Filipino,LILOU,BALMASEDA,DELA CRUZ ,,,7 11 2004,22,Single,Male,Violeta Complex ,Yes,,,EMPLOYEE,,No,,,,,,,
,Filipino,ALTHEA,BALMASEDA,DELA CRUZ ,,,8 12 2004,22,Single,Male,Violeta Complex ,Yes,,,NONE ,,No,,,,,,,
,Filipino,NADINE,BALMASEDA,DELA CRUZ ,,,9 05 2004,26,Single,Male,Violeta Complex ,Yes,,,NONE ,,No,,,,,,,
,Filipino,YASMINE ,BALMASEDA,DELA CRUZ ,,,10 05 2004,26,Single,Male,Violeta Complex ,Yes,,,NONE ,,No,,,,,,,
,Filipino,MARVIN,BALMASEDA,DELA CRUZ ,,,11 05 2004,32,Single,Male,Violeta Complex ,Yes,,,NONE ,,No,,,,,,,
,Filipino,GREGOR,BALMASEDA,DELA CRUZ ,,,12 05 2004,32,Single,Male,Violeta Complex ,Yes,,,NONE ,,No,,,,,,,
,Filipino,IAN,BALMASEDA,DELA CRUZ ,,,1 05 2004,26,Single,Male,Violeta Complex ,Yes,,,NONE ,,No,,,,,,,
,Filipino,MELROSE,BALMASEDA,DELA CRUZ ,,,2 05 2004,32,Single,Male,Violeta Complex ,Yes,,,NONE ,,No,,,,,,,
,Filipino,MURATO,BALMASEDA,DELA CRUZ ,,,3 05 2004,26,Single,Male,Violeta Complex ,Yes,,,EMPLOYEE,,No,,,,,,,
,Filipino,KARINA,BALMASEDA,DELA CRUZ ,,,4 05 2004,26,Single,Male,Violeta Complex ,Yes,,,EMPLOYEE,,No,,,,,,,
,Filipino,HALILI,BALMASEDA,DELA CRUZ ,,,5 05 2004,26,Single,Male,Violeta Complex ,Yes,,,EMPLOYEE,,No,,,,,,,
,Filipino,WALDY,BALMASEDA,DELA CRUZ ,,,6 05 2004,32,Single,Male,Violeta Complex ,Yes,,,EMPLOYEE,,No,,,,,,,
,Filipino,WESLEY,BALMASEDA,DELA CRUZ ,,,7 05 2004,32,Single,Female,Violeta Complex ,Yes,,,EMPLOYEE,,No,,,,,,,
